[
  {
    "Id": 1,
    "Texto": "Cobranzas COMAFI",
    "Vista": "Rep_View_CobranzasComafi",
    "Base": 1,
    "CantParam": [ "CreatedOnDataBase" ]
  },
  {
    "Id": 2,
    "Texto": "Movimientos COMAFI",
    "Vista": "Rep_View_MovimientosComafi",
    "Base": 1,
    "CantParam": [ "CreatedOnDataBase" ]
  },
  {
    "Id": 3,
    "Texto": "Movimientos COMAFI Recientes",
    "Vista": "Rep_View_MovimientosComafiRecientes",
    "Base": 1,
    "CantParam": [ "CreatedOnDataBase" ]
  },
  {
    "Id": 4,
    "Texto": "Movimientos No Conciliados COMAFI",
    "Vista": "Rep_View_MovimientosComafiErrores",
    "Base": 1,
    "CantParam": [ "CreatedOnDataBase" ]
  },
  {
    "Id": 5,
    "Texto": "Solicitantes",
    "Vista": "Rep_View_Auth0Users_pag3",
    "Base": 2,
    "CantParam": [ "CreatedOnDataBase" ]
  },
  {
    "Id": 6,
    "Texto": "Ultimos Logins",
    "Vista": "Rep_View_Auth0UsersYDatosExtras",
    "Base": 2,
    "CantParam": [ "CreatedOnDataBase" ]
  },
  {
    "Id": 7,
    "Texto": "En Foco",
    "Vista": "Rep_View_Auth0Radar2_EnFoco",
    "Base": 2,
    "CantParam": [ "CreatedOnDataBase" ]
  },
  {
    "Id": 8,
    "Texto": "Prestamos Otorgados",
    "Vista": "Rep_View_ActiveLoansHeaders1",
    "Base": 2,
    "CantParam": [ "CreatedOnDataBase" ]
  },
  {
    "Id": 9,
    "Texto": "Prestamos Otorgados y Cerrados",
    "Vista": "Rep_View_ActiveLoansHeaders_SinReps",
    "Base": 2,
    "CantParam": [ "CreatedOnDataBase" ]
  },
  {
    "Id": 10,
    "Texto": "Prestamos Rechazados",
    "Vista": "Rep_View_PrestamosRechazados_LOCALIdAD",
    "Base": 2,
    "CantParam": [ "CreatedOnDataBase" ]
  },
  {
    "Id": 11,
    "Texto": "Solicitudes Ikiwi",
    "Vista": "Rep_View_SolicitudesIkiwi2",
    "Base": 2,
    "CantParam": [ "CreatedOnDataBase" ]
  },
  {
    "Id": 12,
    "Texto": "Solicitudes Neuronal",
    "Vista": "Rep_View_SolicitudesNeuronal",
    "Base": 2,
    "CantParam": [ "CreatedOnDataBase" ]
  },
  {
    "Id": 13,
    "Texto": "Solicitudes Finguru",
    "Vista": "Rep_View_SolicitudesFinguru",
    "Base": 2,
    "CantParam": [ "CreatedOnDataBase" ]
  },
  {
    "Id": 14,
    "Texto": "Solicitudes El Mejor Trato",
    "Vista": "Rep_View_SolicitudesElMejorTrato",
    "Base": 2,
    "CantParam": [ "CreatedOnDataBase" ]
  },
  {
    "Id": 15,
    "Texto": "Solicitudes AlPrestamo",
    "Vista": "Rep_View_SolicitudesAlPrestamo_Ligeras",
    "Base": 2,
    "CantParam": [ "CreatedOnDataBase" ]
  },
  {
    "Id": 16,
    "Texto": "Solicitudes AlPrestamo Reales",
    "Vista": "Rep_View_SolicitudesAlPrestamo_ConCelular_v2",
    "Base": 2,
    "CantParam": [ "CreatedOnDataBase" ]
  }
]