[
  {
    "Id": 266,
    "Texto": "Todas las cuotas",
    "CantParam": [ "R_startDate", "R_endDate" ]
  },
  {
    "Id": 268,
    "Texto": "Todas las cuotas completo",
    "CantParam": [ "R_startDate", "R_endDate" ]
  },
  {
    "Id": 278,
    "Texto": "Todas las cuotas pagas reporte",
    "CantParam": [ "R_startDate", "R_endDate" ]
  },
  {
    "Id": 279,
    "Texto": "Todas las transacciones pagas reporte",
    "CantParam": [ "R_startDate", "R_endDate" ]
  },
  {
    "Id": 297,
    "Texto": "Todas Notas clientes",
    "CantParam": []
  },
  {
    "Id": 222,
    "Texto": "TodasLasCuotasVencIdas",
    "CantParam": [ "R_endDate" ]
  },
  {
    "Id": 269,
    "Texto": "Clientes para Renovacion",
    "CantParam": []
  },
  {
    "Id": 8,
    "Texto": "Renovaciones 1 cuota",
    "CantParam": []
  },
  {
    "Id": 9,
    "Texto": "Renovaciones 2 cuotas",
    "CantParam": []
  },
  {
    "Id": 10,
    "Texto": "Desembolsos por dia",
    "CantParam": [ "R_startDate" ]
  },
  {
    "Id": 320,
    "Texto": "Iva Ventas Detalle",
    "CantParam": [ "R_startDate", "R_endDate" ]
  },
  {
    "Id": 330,
    "Texto": "Iva Ventas pendiente Facturacion",
    "CantParam": []
  },
  {
    "Id": 221,
    "Texto": "PlanillaMorosos",
    "CantParam": [ "R_startDate", "R_endDate" ]
  },
  {
    "Id": 321,
    "Texto": "Cobrado En Fecha",
    "CantParam": [ "R_startDate", "R_endDate" ]
  },
  {
    "Id": 277,
    "Texto": "Todas las cuotas reporte",
    "CantParam": [ "R_startDate", "R_endDate" ]
  }
]