{
  "version": "2.0",
  "logging": {
    "applicationInsights": {
      "samplingSettings": {
        "isEnabled": true,
        "excludedTypes": [ "Request" ]
      },
      "enableLiveMetricsFilters": true
    }
  },
  "functionTimeout": "02:00:00", // Establece el tiempo de espera a 30 minutos
  "extensions": {
    "queues": {
      "maxDequeueCount": 1, // Número máximo de intentos antes de mover a la poison queue (cambia este valor según tus necesidades)
      "visibilityTimeout": "00:00:00", // Tiempo que el mensaje permanece invisible tras un intento fallido (formato: HH:mm:ss)
      "batchSize": 15,
      "newBatchThreshold": 10
    }
  }
}
