{
  "IsEncrypted": false,
  "Values": {
    "AzureWebJobsStorage": "UseDevelopmentStorage=true",
    //"AzureWebJobsStorage": "DefaultEndpointsProtocol=https;AccountName=actionfintechapisa412;AccountKey=YOHzODyUeeW1a3/6XZx2SshVFtaKEsfksLKV5+cg3i1DSrAJ00qfI7A2kdXENB7soJy/rAuIHFCD+AStdsKIEQ==;EndpointSuffix=core.windows.net",

    "FUNCTIONS_WORKER_RUNTIME": "dotnet-isolated",
    //"FUNCTIONS_WORKER_RUNTIME": "dotnet",
    "QueueConnectionString": "DefaultEndpointsProtocol=https;AccountName=reportesafblobstorage;AccountKey=vPx2iQ36hUgBuGXvxe5EcZuDFUtHPu9B6pAus2GErvJ2bXzyQ9VN2ZGsAHuJnRGGDOZ14tl4vUEc+ASt5uATsQ==;EndpointSuffix=core.windows.net",
    "QueueName": "queue-action", // Nombre de tu cola
    "FUNCTIONS_EXTENSION_VERSION": "~4",
    "ActionCobranzas": "Server=tcp:produccion-mins.database.windows.net,1433;Initial Catalog=Cobranzas;Persist Security Info=False;User Id=actionfintech;Password=%qGfNsiF&2F3LR%tHJ7&E9g2Cxdk;MultipleActiveResultSets=False;Encrypt=True;TrustServerCertificate=False;",
    "ActionDatosPersonales": "Server=tcp:produccion-mins.database.windows.net,1433;Initial Catalog=DatosPersonalesMins;Persist Security Info=False;User Id=actionfintech;Password=%qGfNsiF&2F3LR%tHJ7&E9g2Cxdk;MultipleActiveResultSets=True;Encrypt=True;TrustServerCertificate=False;",
    "ABSConnection": "DefaultEndpointsProtocol=https;AccountName=reportesafblobstorage;AccountKey=vPx2iQ36hUgBuGXvxe5EcZuDFUtHPu9B6pAus2GErvJ2bXzyQ9VN2ZGsAHuJnRGGDOZ14tl4vUEc+ASt5uATsQ==;EndpointSuffix=core.windows.net",
    "ABSContainerName": "reportes/",
    "ABSUrlFunction": "https://reporteria-function.azurewebsites.net/api/",
    "MifosUser": "ReportUser",
    "MifosPass": "83YQe47z2caX",
    "MifosUrl": "https://www.minsmifos.com/fineract-provider/api/v1/",
    "MifosUrlParams": "tenantIdentifier=mins-f37e7aa39a8&associations=all&exclude=guarantors,futures"
  },
  "Host": {
    "CORS": "*"
  }
}

