[
  {
    "id": 1,
    "texto": "Cobranzas COMAFI",
    "vista": "Rep_View_CobranzasComafi",
    "base": 1,
    "cantParam": [ "CreatedOnDataBase" ]
  },
  {
    "id": 2,
    "texto": "Movimientos COMAFI",
    "vista": "Rep_View_MovimientosComafi",
    "base": 1,
    "cantParam": [ "CreatedOnDataBase" ]
  },
  {
    "id": 3,
    "texto": "Movimientos COMAFI Recientes",
    "vista": "Rep_View_MovimientosComafiRecientes",
    "base": 1,
    "cantParam": [ "CreatedOnDataBase" ]
  },
  {
    "id": 4,
    "texto": "Movimientos No Conciliados COMAFI",
    "vista": "Rep_View_MovimientosComafiErrores",
    "base": 1,
    "cantParam": [ "CreatedOnDataBase" ]
  },
  {
    "id": 5,
    "texto": "Solicitantes",
    "vista": "Rep_View_Auth0Users_pag3",
    "base": 2,
    "cantParam": [ "CreatedOnDataBase" ]
  },
  {
    "id": 6,
    "texto": "Ultimos Logins",
    "vista": "Rep_View_Auth0UsersYDatosExtras",
    "base": 2,
    "cantParam": [ "CreatedOnDataBase" ]
  },
  {
    "id": 7,
    "texto": "En Foco",
    "vista": "Rep_View_Auth0Radar2_EnFoco",
    "base": 2,
    "cantParam": [ "CreatedOnDataBase" ]
  },
  {
    "id": 8,
    "texto": "Prestamos Otorgados",
    "vista": "Rep_View_ActiveLoansHeaders1",
    "base": 2,
    "cantParam": [ "CreatedOnDataBase" ]
  },
  {
    "id": 9,
    "texto": "Prestamos Otorgados y Cerrados",
    "vista": "Rep_View_ActiveLoansHeaders_SinReps",
    "base": 2,
    "cantParam": [ "CreatedOnDataBase" ]
  },
  {
    "id": 10,
    "texto": "Prestamos Rechazados",
    "vista": "Rep_View_PrestamosRechazados_LOCALIDAD",
    "base": 2,
    "cantParam": [ "CreatedOnDataBase" ]
  },
  {
    "id": 11,
    "texto": "Solicitudes Ikiwi",
    "vista": "Rep_View_SolicitudesIkiwi2",
    "base": 2,
    "cantParam": [ "CreatedOnDataBase" ]
  },
  {
    "id": 12,
    "texto": "Solicitudes Neuronal",
    "vista": "Rep_View_SolicitudesNeuronal",
    "base": 2,
    "cantParam": [ "CreatedOnDataBase" ]
  },
  {
    "id": 13,
    "texto": "Solicitudes Finguru",
    "vista": "Rep_View_SolicitudesFinguru",
    "base": 2,
    "cantParam": [ "CreatedOnDataBase" ]
  },
  {
    "id": 14,
    "texto": "Solicitudes El Mejor Trato",
    "vista": "Rep_View_SolicitudesElMejorTrato",
    "base": 2,
    "cantParam": [ "CreatedOnDataBase" ]
  },
  {
    "id": 15,
    "texto": "Solicitudes AlPrestamo",
    "vista": "Rep_View_SolicitudesAlPrestamo_Ligeras",
    "base": 2,
    "cantParam": [ "CreatedOnDataBase" ]
  },
  {
    "id": 16,
    "texto": "Solicitudes AlPrestamo Reales",
    "vista": "Rep_View_SolicitudesAlPrestamo_ConCelular_v2",
    "base": 2,
    "cantParam": [ "CreatedOnDataBase" ] 
  }
]