[
  {
    "id": 266,
    "texto": "Todas las cuotas",
    "cantParam": [ "R_startDate", "R_endDate" ]
  },
  {
    "id": 268,
    "texto": "Todas las cuotas completo",
    "cantParam": [ "R_startDate", "R_endDate" ]
  },
  {
    "id": 278,
    "texto": "Todas las cuotas pagas reporte",
    "cantParam": [ "R_startDate", "R_endDate" ]
  },
  {
    "id": 279,
    "texto": "Todas las transacciones pagas reporte",
    "cantParam": [ "R_startDate", "R_endDate" ]
  },
  {
    "id": 297,
    "texto": "Todas Notas clientes",
    "cantParam": []
  },
  {
    "id": 222,
    "texto": "TodasLasCuotasVencidas",
    "cantParam": [ "R_endDate" ]
  },
  {
    "id": 269,
    "texto": "Clientes para Renovacion",
    "cantParam": []
  },
  {
    "id": 8,
    "texto": "Renovaciones 1 cuota",
    "cantParam": []
  },
  {
    "id": 9,
    "texto": "Renovaciones 2 cuotas",
    "cantParam": []
  },
  {
    "id": 10,
    "texto": "Desembolsos por dia",
    "cantParam": [ "R_startDate" ]
  },
  {
    "id": 320,
    "texto": "Iva Ventas Detalle",
    "cantParam": [ "R_startDate", "R_endDate" ]
  },
  {
    "id": 330,
    "texto": "Iva Ventas pendiente Facturacion",
    "cantParam": []
  },
  {
    "id": 221,
    "texto": "PlanillaMorosos",
    "cantParam": [ "R_startDate", "R_endDate" ]
  },
  {
    "id": 321,
    "texto": "Cobrado En Fecha",
    "cantParam": [ "R_startDate", "R_endDate" ]
  },
  {
    "id": 277,
    "texto": "Todas las cuotas reporte",
    "cantParam": [ "R_startDate", "R_endDate" ]
  }
]